,tier,top,min,flow_counts,flows_perc
0,4,3414,179,111,0.788968654488592
1,3,178,59,502,3.568128509488947
2,2,59,19,1432,10.178406425474448
3,1,19,1,12024,85.46449641054801
