,tier,top,min,flow_counts,flows_perc
0,4,4283,223,110,0.7818608287724785
1,3,223,71,512,3.639206766650082
2,2,71,23,1440,10.235269031203355
3,1,23,1,12007,85.34366337337408
