,tier,top,min,flow_counts,flows_perc
0,4,5694,354,46,0.3680294423553884
1,3,346,73,361,2.8882310584846786
2,2,73,21,1295,10.360828866309305
3,1,21,1,10797,86.38291063285062
